일시,평균기온(°C),평균상대습도(%),월합강수량(00~24h만)(mm),평균풍속(m/s),평균운량(1/10)
1907년 10월,13.9,76,47,2.2,4.2
1907년 11월,5.3,77,54.4,2.7,5.8
1907년 12월,-3.9,68,25.2,3,3.8
1908년 1월,-3.5,71,18.2,2.3,5.7
1908년 2월,-4,63,29.1,2.9,4.2
1908년 3월,2.9,62,12.4,3.7,5.4
1908년 4월,10.1,64,17,3.6,6.4
1908년 5월,14.9,75,71.3,3.9,5.5
1908년 6월,20.7,76,107.1,3.4,7.1
1908년 7월,23.5,82,530.3,3.7,7.8
1908년 8월,24.3,81,160.5,3.1,6.6
1908년 9월,19.3,71,65.3,3.6,5.4
1908년 10월,13.6,75,35.3,2.3,5
1908년 11월,3.6,68,14.4,3.2,4
1908년 12월,-0.8,63,5.4,2.6,3
1909년 1월,-2.5,66,7.4,2.3,5.4
1909년 2월,-3.2,60,7.9,3.9,4.2
1909년 3월,1.8,59,26.7,3.8,5.3
1909년 4월,10.4,66,106.8,4.1,5.9
1909년 5월,15.4,69,46.2,3.7,5.5
1909년 6월,20.6,71,90.9,2.8,6.6
1909년 7월,24.6,80,160,4,7.7
1909년 8월,25.3,77,216.1,3.7,6.9
1909년 9월,20.2,75,78.2,2.9,6.1
1909년 10월,12.2,71,28.1,2.4,4.9
1909년 11월,5.2,67,23.7,3.1,3.9
1909년 12월,-3.4,71,35,2.5,4.3
1910년 1월,-2.2,75,21.8,3,5.6
1910년 2월,-3.4,67,1.2,3,3.8
1910년 3월,2.5,60,32.9,3.9,5.2
1910년 4월,9.9,66,36.8,3.2,6.1
1910년 5월,16.3,62,1.7,3.3,5.4
1910년 6월,19.8,76,183.3,3.7,6.7
1910년 7월,23.3,83,377.8,3,7.7
1910년 8월,24.2,75,184.3,3.3,6.5
1910년 9월,19.1,73,79.6,2.4,6.3
1910년 10월,13.7,68,14.1,1.8,3.8
1910년 11월,5.5,71,78.3,3,4.9
1910년 12월,-4.6,63,9.1,2.6,3.9
1911년 1월,-5,67,37.6,2.6,4.3
1911년 2월,-1.1,66,11.7,3.1,3.5
1911년 3월,4,68,88.7,3.9,7.3
1911년 4월,9.4,72,92,4.1,5.9
1911년 5월,15.6,69,59.5,2.9,5.2
1911년 6월,20.3,76,86.7,3.2,6.8
1911년 7월,23.5,82,275.8,3.5,7.9
1911년 8월,25,76,72.3,2.7,6.3
1911년 9월,20.8,79,194,2.8,7.4
1911년 10월,11.6,73,33.5,2.2,4.5
1911년 11월,6,74,97.4,3.4,5.4
1911년 12월,-3,62,17.8,2.6,4.5
1912년 1월,-4.7,66,2.7,2.5,3.5
1912년 2월,1,70,65.3,3.5,5.8
1912년 3월,4.1,65,20.1,3.5,5.5
1912년 4월,9.8,64,80.9,4,5.7
1912년 5월,14.8,70,88.8,3.1,6.2
1912년 6월,20.7,71,100.1,2.9,6.4
1912년 7월,23.8,79,391.5,2.8,7.8
1912년 8월,24.6,80,234,2.7,7.4
1912년 9월,17.7,70,27.5,2.1,4.1
1912년 10월,11.1,68,68.9,2.1,4.5
1912년 11월,1.4,63,32.5,2.5,4.3
1912년 12월,-3,67,17,2.1,4.5
1913년 1월,-5.1,73,26.4,2.5,4.6
1913년 2월,-3.7,66,7.3,3.1,3.5
1913년 3월,1.9,58,9.8,3,3.8
1913년 4월,10.9,67,125.4,2.5,6.2
1913년 5월,14.4,70,58.6,2.7,5.6
1913년 6월,20.2,77,138.8,2.8,7.5
1913년 7월,22.3,81,326.1,2.9,7
1913년 8월,23.8,77,131.9,2.6,5.1
1913년 9월,19.3,75,19.5,1.8,5
1913년 10월,13,75,25.4,1.7,3.3
1913년 11월,4.9,71,33.8,1.8,3.5
1913년 12월,-1.9,68,14.5,2.2,4.4
1914년 1월,-2.2,68,93.6,2.7,4.4
1914년 2월,0.5,65,9.5,2.3,4.9
1914년 3월,5.2,67,226.9,3.2,5.6
1914년 4월,10.5,69,76.8,3,6
1914년 5월,17.3,69,54.5,2.5,4.6
1914년 6월,21.4,77,137.3,2.4,6.5
1914년 7월,26.1,84,289.1,2.7,7
1914년 8월,25.5,77,145.3,2.5,6.4
1914년 9월,20.6,73,77.9,2.3,5.9
1914년 10월,13.7,72,78.4,1.9,4.9
1914년 11월,6.1,72,56,2,5.2
1914년 12월,-1,67,17.3,2,4.4
1915년 1월,-3.9,62,45.3,2.6,4.9
1915년 2월,-2.7,60,37.6,3,5.5
1915년 3월,0.6,62,22.2,3.3,4.7
1915년 4월,9.4,69,63,3.3,6
1915년 5월,15.3,74,159.4,2.4,6
1915년 6월,20.7,78,136.4,2.4,7
1915년 7월,25.1,79,464.3,2.9,7.6
1915년 8월,24.4,81,423.6,2.2,6.6
1915년 9월,19.3,80,128.9,1.7,6.7
1915년 10월,14.7,78,40.9,1.4,4.9
1915년 11월,6.2,72,47.3,1.8,3.8
1915년 12월,0.8,68,9.4,2,3.9
1916년 1월,0,68,53.2,2.4,4.8
1916년 2월,-0.8,65,19.2,2.9,4.4
1916년 3월,0.4,56,5.1,3.8,4.7
1916년 4월,10.5,73,218.1,3.1,7
1916년 5월,14.5,74,127,3.1,5.7
1916년 6월,20.1,81,334.7,2.3,7.4
1916년 7월,23.6,84,303.8,2,7.7
1916년 8월,25.5,76,133.3,2.3,7
1916년 9월,19.2,83,397.1,2.1,7.3
1916년 10월,12.7,75,20,1.8,5
1916년 11월,6.5,72,83.5,2,4.3
1916년 12월,-1.4,68,15.3,2,3.7
1917년 1월,-9,67,14,2.5,2.6
1917년 2월,-3.4,66,4.7,2.5,3.7
1917년 3월,2.8,63,8.1,2.8,4.8
1917년 4월,10.2,62,31.1,3,5.2
1917년 5월,14.1,75,52,3,6.4
1917년 6월,21.5,68,72,2.5,7.1
1917년 7월,25.7,81,223.9,2.2,6.4
1917년 8월,24.8,78,299.7,2.5,6.9
1917년 9월,20,80,195.4,2.2,6.6
1917년 10월,13.2,73,25.8,1.7,5.5
1917년 11월,3.3,71,22.6,1.6,4.6
1917년 12월,-5.7,67,32.4,2.9,3.4
1918년 1월,-7.5,66,5.7,2.3,2.4
1918년 2월,0.1,66,30,2.6,4.7
1918년 3월,4.3,67,30.4,2.8,4.7
1918년 4월,10.9,69,52.8,2.9,5.7
1918년 5월,14.8,76,100.9,3,7
1918년 6월,20.1,79,157.3,3,7.4
1918년 7월,23.3,83,237.2,2.4,8.4
1918년 8월,24.7,82,375.9,2.5,5.8
1918년 9월,19.2,74,52.6,2.2,5.5
1918년 10월,12.9,73,15.8,1.5,4
1918년 11월,4.6,69,64.3,2,4.8
1918년 12월,-1.5,63,9.4,1.7,4.9
1919년 1월,-4.7,64,19.2,2.6,5.6
1919년 2월,-1.7,66,7.7,1.8,4
1919년 3월,4.9,66,10.6,2.8,4.7
1919년 4월,10.2,67,58.3,3,4.9
1919년 5월,16.1,72,125.5,2.8,6.6
1919년 6월,21,82,203.2,2.3,7.6
1919년 7월,25.6,78,266.2,2.3,5.8
1919년 8월,26.3,73,248.8,2.5,6
1919년 9월,19.5,78,113.5,2,5.4
1919년 10월,12.8,80,64.6,1.8,4.6
1919년 11월,5.8,75,30.7,1.7,4.9
1919년 12월,-2.7,65,28,1.9,4
1920년 1월,-6.8,73,37,2.4,4.5
1920년 2월,-3.2,67,10.4,2.8,4.8
1920년 3월,5.1,63,20.1,2.9,5.9
1920년 4월,10.4,70,47.4,3.1,4.3
1920년 5월,17.3,71,93.8,2.7,5.9
1920년 6월,21.6,74,160.7,2.6,6.4
1920년 7월,25.2,82,484,2.2,7.7
1920년 8월,25,77,680.5,2.6,6.3
1920년 9월,21.1,76,49.6,2.2,6.2
1920년 10월,14.7,71,12.4,1.7,3.6
1920년 11월,7.3,76,48.7,1.6,4.3
1920년 12월,-1.2,68,29.8,1.9,5.1
1921년 1월,-2.7,72,14.5,1.9,4.5
1921년 2월,-1.3,60,19.3,2.4,3.8
1921년 3월,3.3,57,36.3,3.2,5.3
1921년 4월,10.9,65,72.5,3,5.5
1921년 5월,16.2,68,75.7,2.9,6.6
1921년 6월,20.1,69,143.3,2.8,7.3
1921년 7월,24,81,325.6,2.4,7.9
1921년 8월,25.6,77,109.1,2.4,6.6
1921년 9월,19.8,75,93,2.1,6.7
1921년 10월,12.3,75,27.9,1.9,3.9
1921년 11월,3.4,67,17.9,2.1,3.6
1921년 12월,-0.7,71,36.8,1.5,4.6
1922년 1월,-7.8,63,20.3,1.7,3
1922년 2월,0.7,69,80.5,2.4,4.9
1922년 3월,2.7,65,57.1,3,4.6
1922년 4월,12.3,62,28,3,5.2
1922년 5월,16,70,59.6,2.8,6.5
1922년 6월,21.7,69,93.3,2.4,6.2
1922년 7월,24.1,85,417.6,2.7,8.6
1922년 8월,25.8,83,580.4,2.2,7.9
1922년 9월,20.7,77,125,1.9,7.1
1922년 10월,14.1,74,42.3,1.9,5.1
1922년 11월,3.5,68,32.1,1.9,4.3
1922년 12월,-3.9,67,16.6,1.9,3.6
1923년 1월,-5.8,66,32,2.1,4.1
1923년 2월,-3,62,14,2.6,3.7
1923년 3월,4.8,68,64.1,2.7,5.9
1923년 4월,9.3,69,113.8,2.9,6.9
1923년 5월,16.6,68,44.3,2.8,6.4
1923년 6월,20.9,68,114,2.4,6.2
1923년 7월,24.2,78,215.6,2.8,8.2
1923년 8월,26.1,81,289.6,2.2,7.3
1923년 9월,19.4,74,158.2,1.9,5.4
1923년 10월,12.5,73,55.5,1.7,5.3
1923년 11월,4.7,72,66.3,2,5.4
1923년 12월,-2.1,65,27.3,2.4,3.6
1924년 1월,-2.5,67,13.6,2,4.7
1924년 2월,-1.8,62,76.8,3.3,5.7
1924년 3월,1.1,62,18.1,2.9,4.2
1924년 4월,11.1,68,94.5,2.9,5.4
1924년 5월,16,66,60.7,3.2,4.9
1924년 6월,21.2,68,124.9,2.6,4.7
1924년 7월,25.6,81,423.2,3.1,7.9
1924년 8월,27,66,13.4,3.2,4.6
1924년 9월,20.3,68,81.5,2.1,4.4
1924년 10월,12.6,65,33.2,1.9,3.9
1924년 11월,3.3,65,46.1,3.1,4.5
1924년 12월,-1.6,69,15,2,4.4
1925년 1월,-4.1,66,5.8,1.4,3.8
1925년 2월,-2.9,62,16.4,1.9,4.4
1925년 3월,1.5,65,40.9,2.4,4.4
1925년 4월,9.8,64,28,2.3,5
1925년 5월,16.1,73,187.5,2.1,7.1
1925년 6월,20.6,74,102.8,2.1,6.9
1925년 7월,23.3,78,841.1,2.5,7
1925년 8월,25.2,80,418,1.8,7.1
1925년 9월,19.8,73,157.9,1.8,5
1925년 10월,13.3,70,29.9,1.4,3.8
1925년 11월,7.4,71,57.6,1.6,4.8
1925년 12월,-1.4,69,48.2,2.1,5.6
1926년 1월,-4.8,68,28.8,1.6,4.4
1926년 2월,-2.5,64,9.4,1.8,4.4
1926년 3월,3.1,64,11.8,2.5,4.2
1926년 4월,9.1,65,82.4,2.7,4.4
1926년 5월,16.7,71,101,2.3,7.4
1926년 6월,20.7,65,34.1,2.4,5.8
1926년 7월,24.1,81,847.6,2,8.3
1926년 8월,25.4,82,372.1,1.8,7.9
1926년 9월,20.3,78,174.7,1.1,6.9
1926년 10월,11.5,70,109.3,1.6,4.6
1926년 11월,6.3,71,29.3,1,4
1926년 12월,-4,64,22,1.9,4.5
1927년 1월,-4.1,64,71.3,1.9,4.2
1927년 2월,-2.9,58,1.7,2.3,4.1
1927년 3월,3.4,67,58.2,2.2,5.4
1927년 4월,11.7,66,109.9,2.1,5.6
1927년 5월,13.8,73,125.5,2.5,5.9
1927년 6월,21.2,67,43.7,2.1,5.9
1927년 7월,25.7,84,369.2,2.2,7.7
1927년 8월,25,82,306,1.5,6.7
1927년 9월,19.6,69,40.8,1.5,3.2
1927년 10월,12.8,73,77.1,1.6,4.3
1927년 11월,7.7,71,22.7,1.6,3.1
1927년 12월,-2,68,43.6,1.9,4.7
1928년 1월,-5.2,68,62.6,2.1,4.3
1928년 2월,-2.3,62,8.2,2.1,4.7
1928년 3월,4.1,66,25.6,1.9,5.6
1928년 4월,12.1,64,25.1,1.7,6.3
1928년 5월,16.5,68,56,2.3,5.4
1928년 6월,21.5,68,117.2,1.9,6.7
1928년 7월,25,78,193.2,2.1,7.9
1928년 8월,25.7,69,228.2,2.1,5.2
1928년 9월,20.3,75,230.7,1.9,5.9
1928년 10월,12.3,71,26.3,1.4,3.9
1928년 11월,5.2,71,65.6,1.7,4.5
1928년 12월,-1.9,64,15.6,1.6,4.1
1929년 1월,-4.8,59,28.1,1.9,4.8
1929년 2월,-2.8,60,4.8,2,3.6
1929년 3월,4.4,60,12.8,2.6,3.9
1929년 4월,10.4,66,95.2,2.4,5.6
1929년 5월,16.7,71,44.6,2,6.9
1929년 6월,22.9,67,152.4,2.1,6.7
1929년 7월,25.9,80,315.1,2,7.8
1929년 8월,26.2,76,267.1,1.8,6.9
1929년 9월,18.8,71,73.6,1.5,4.5
1929년 10월,12.8,68,13.4,1.3,3.8
1929년 11월,4.9,70,18.7,1.3,4
1929년 12월,1.5,75,104.4,2.1,6.7
1930년 1월,-4.5,63,2.5,1.6,3.9
1930년 2월,0.9,66,49.1,2,5
1930년 3월,6.3,69,92.7,2.4,6.1
1930년 4월,12.5,69,100,2.1,6.7
1930년 5월,16.7,70,113.1,2.3,5.5
1930년 6월,21.4,67,56.8,2.1,6.3
1930년 7월,25.5,85,821.3,1.9,8.3
1930년 8월,26.4,75,174.2,1.5,6.5
1930년 9월,19.5,70,45.2,1.7,5.2
1930년 10월,14,74,88.5,1.4,4
1930년 11월,3.1,69,75.7,2,5.2
1930년 12월,-0.8,69,7.5,1.3,4.2
1931년 1월,-3.9,72,34.5,1.8,5.4
1931년 2월,-2.7,63,37.5,2,4.3
1931년 3월,4.7,64,34.9,1.9,4.3
1931년 4월,8.8,66,104.3,2.4,5.5
1931년 5월,16.3,68,175.9,2.1,5.6
1931년 6월,21.4,74,115.5,1.9,7.8
1931년 7월,22.4,78,245.1,2.1,7.9
1931년 8월,25,83,445.4,1.9,8.4
1931년 9월,20,74,53.2,1.8,5.7
1931년 10월,11.9,70,13.8,1.4,3.6
1931년 11월,7.7,74,49.7,1.3,5.4
1931년 12월,-1,75,78.5,1.5,5.1
1932년 1월,-0.6,71,4.4,1.6,4.1
1932년 2월,-1.4,68,22.6,2.3,5.3
1932년 3월,2.8,64,28.2,2.5,4.8
1932년 4월,9.9,67,28.9,2.3,6.2
1932년 5월,17,68,97.6,2.4,6.4
1932년 6월,21.7,73,80.6,1.8,6.7
1932년 7월,25.9,80,213.5,1.8,7.5
1932년 8월,25.6,77,274.6,1.8,7.6
1932년 9월,20.2,70,64.2,1.5,5.8
1932년 10월,12.2,73,68.9,1.6,3.3
1932년 11월,5.8,71,24.5,1.5,3.1
1932년 12월,0.6,65,33.2,1.8,4.7
1933년 1월,-6.4,54,6.1,2.6,3.7
1933년 2월,-3.7,59,18.2,2.8,4.7
1933년 3월,0.6,62,17.1,3,4.9
1933년 4월,10.2,61,55.4,3.3,6.4
1933년 5월,16.3,70,170.8,3.3,5.7
1933년 6월,20.7,73,201.3,2.9,6.5
1933년 7월,25.5,80,395.3,3,7.3
1933년 8월,24.1,82,225,3,7.5
1933년 9월,20.1,72,205.8,2.9,5.4
1933년 10월,13,67,40.7,2.4,5.5
1933년 11월,5.5,68,33.1,2.5,4.4
1933년 12월,0.4,68,32,2.4,4.3
1934년 1월,-8.3,57,5.3,2.1,2.2
1934년 2월,-2.3,62,19.6,2.8,3
1934년 3월,2,58,50.5,4.3,4.5
1934년 4월,9.1,60,87.4,3.5,6.1
1934년 5월,16.9,70,82.7,2.8,5.1
1934년 6월,20.2,76,149.3,3.2,6.9
1934년 7월,23.8,85,356.9,3.3,9.3
1934년 8월,24.1,84,184.1,3,8.6
1934년 9월,19.3,74,202.7,2.6,6.6
1934년 10월,11.7,64,14.6,2.3,4.3
1934년 11월,4.3,61,57.3,2.8,4.6
1934년 12월,0.8,68,34.2,2,4.8
1935년 1월,-3.2,64,12.1,2.6,4.1
1935년 2월,-0.2,58,4.2,2.5,3.6
1935년 3월,5.1,56,12.2,3.5,4.9
1935년 4월,10.3,60,66.9,3.3,4.7
1935년 5월,16,64,90.9,3.4,5.7
1935년 6월,20.1,73,169.3,3.3,6.3
1935년 7월,23.8,81,530.3,2.9,7.8
1935년 8월,25,78,117.2,2.4,6.4
1935년 9월,20.3,68,85.2,2.4,4.6
1935년 10월,14.6,68,44.1,2.6,3.9
1935년 11월,6.6,68,53.2,2.5,4.8
1935년 12월,-3.9,57,16.7,2.8,4.2
1936년 1월,-8.8,52,4.5,2.9,2.8
1936년 2월,-4.4,62,19,2.8,4.3
1936년 3월,-0.2,59,27,3.5,4.2
1936년 4월,9.1,66,141.2,3.9,6.7
1936년 5월,15.8,67,27.4,3.2,5.8
1936년 6월,20.7,73,65.1,2.6,7.3
1936년 7월,23.6,80,210.2,3,8.4
1936년 8월,22.7,85,668.8,3,8.8
1936년 9월,20.1,81,252.4,2.4,6.7
1936년 10월,13.2,65,3.7,2.5,3.1
1936년 11월,5.7,65,44.5,2.8,4.4
1936년 12월,-0.5,65,67.8,2.4,4.7
1937년 1월,-3.6,59,15.7,2.3,4
1937년 2월,0.1,66,36.3,2.7,6.1
1937년 3월,3.6,58,36.6,3.4,5.3
1937년 4월,10.6,62,150.8,3.5,6.7
1937년 5월,15.8,67,70.2,3.3,4.8
1937년 6월,21.6,66,74.4,2.6,6.6
1937년 7월,24.6,81,248.8,2.3,7.5
1937년 8월,26.7,80,158.9,2.3,6.8
1937년 9월,20.3,74,183,2.2,6.3
1937년 10월,13.8,70,45.9,2,5.1
1937년 11월,7.2,69,20.2,2.2,5.3
1937년 12월,-3.9,63,21.9,2.4,4.2
1938년 1월,-6.3,60,14.2,2.7,3.4
1938년 2월,-3.3,56,22.7,3.2,3.3
1938년 3월,4.7,73,95.8,2.8,6.3
1938년 4월,11.4,59,6.1,3.6,4
1938년 5월,16.5,74,131.7,3.1,7.3
1938년 6월,20,76,111.6,2.7,7.8
1938년 7월,25.2,84,198.4,2.5,7.4
1938년 8월,26.3,77,202.8,2.4,6.5
1938년 9월,19.3,70,129,2.3,5.9
1938년 10월,15,72,98.7,2.1,4.9
1938년 11월,4.8,66,22.5,2.1,3.3
1938년 12월,-2.3,61,25.3,2.3,5.1
1939년 1월,-5.2,64,12.3,2.6,4.4
1939년 2월,-2,62,7.4,2.5,4.5
1939년 3월,4.1,65,20.5,3.3,5.3
1939년 4월,11.6,62,59,3.1,4.7
1939년 5월,15.7,69,105.5,2.9,5.6
1939년 6월,20.8,71,109.1,3.1,5.9
1939년 7월,27.6,74,87.6,2.4,6
1939년 8월,27.5,63,49,2.8,6.3
1939년 9월,21,71,45.3,2.2,4.9
1939년 10월,14.3,68,69.3,2.3,4
1939년 11월,5.9,69,61.1,2.4,4.4
1939년 12월,-0.9,64,12.6,2.3,3.5
1940년 1월,-7.4,53,7.9,2.9,2.2
1940년 2월,-2.3,61,45.5,2.8,3.5
1940년 3월,3.7,63,16.8,3.1,3.4
1940년 4월,9.7,64,60.9,3.5,6
1940년 5월,16.3,64,80.3,3.3,4.5
1940년 6월,20.1,73,84.2,2.5,6.5
1940년 7월,23.4,89,1364.2,2.5,8.8
1940년 8월,24.3,78,69.5,2.5,7.9
1940년 9월,19.9,71,311.7,2.8,5.3
1940년 10월,14.7,68,20.4,2,3.8
1940년 11월,6.8,67,36.3,2.7,4.4
1940년 12월,-0.2,68,47.4,2.7,4.1
1941년 1월,-3.8,69,24.1,2.4,4.4
1941년 2월,-2.4,66,8.7,2.1,4.8
1941년 3월,3.8,65,82.9,3.5,4.9
1941년 4월,10,63,49.5,3.7,4.7
1941년 5월,16.7,66,180.7,2.9,6
1941년 6월,21.2,76,139.7,2.3,6.9
1941년 7월,23.7,76,144.3,2.4,6.8
1941년 8월,23.8,86,255.7,2.8,8
1941년 9월,19.7,71,30.1,2,4.8
1941년 10월,12.9,66,67.3,2.7,4.2
1941년 11월,7.7,70,67.5,2.2,5.3
1941년 12월,0.4,68,13.2,2.2,4.8
1942년 1월,-6.4,63,10.4,2.8,2.9
1942년 2월,-3.5,56,9.5,3,3.9
1942년 3월,5.9,69,112.4,3.1,6.3
1942년 4월,9.9,61,64.3,3.8,5.2
1942년 5월,15.3,63,27.2,2.8,7.4
1942년 6월,22,65,61.3,2.4,5.5
1942년 7월,26,81,154.5,2.4,7.1
1942년 8월,25.4,79,338.4,2.4,7
1942년 9월,20,74,277,2,5.5
1942년 10월,12.5,69,35.8,2,4
1942년 11월,4.7,63,32.3,2.6,3.1
1942년 12월,-1.2,64,7.9,2.2,4.2
1943년 1월,-6.6,56,2.4,2.6,2.1
1943년 2월,-2.4,63,10.9,2.6,3.4
1943년 3월,5.4,63,41.2,3,5.3
1943년 4월,10.6,64,29.9,3.6,5.3
1943년 5월,16.7,73,46.3,2.7,6.2
1943년 6월,21.5,74,107.9,2.2,5.5
1943년 7월,26,71,125,2.4,6.5
1943년 8월,27.8,69,36.8,2.3,6.3
1943년 9월,20.9,70,113.6,1.8,6.8
1943년 10월,13.8,70,85.1,1.6,4.6
1943년 11월,6.1,66,30.8,2.4,4.2
1943년 12월,0,62,13,2.6,4.1
1944년 1월,-4.3,59,4,2.1,2.5
1944년 2월,-2.4,60,12.4,2.9,4.2
1944년 3월,3.2,67,28.4,2.7,5.7
1944년 4월,9.6,66,93.6,3.2,5.5
1944년 5월,15.9,71,73.2,2.5,7
1944년 6월,21.4,73,125.3,2.6,6.6
1944년 7월,25.3,83,273.2,2.5,8
1944년 8월,25.5,77,214.2,2.2,6.3
1944년 9월,20.7,79,163,2,6.4
1944년 10월,13.5,63,19.9,1.8,4.1
1944년 11월,7.8,68,64.8,2.7,5.7
1944년 12월,-5.7,60,17.1,2.1,4.1
1945년 1월,-7.8,52,2.2,2.1,2.4
1945년 2월,-4.9,52,3.2,2.4,4.1
1945년 3월,2.3,69,121.9,3.1,5.1
1945년 4월,11,61,39.4,2.9,4.7
1945년 5월,13.6,73,109.4,3,6.8
1945년 6월,20.1,78,317.7,2.5,8
1945년 7월,23.2,81,479.6,2.2,8.1
1945년 8월,25.5,82,208.8,2.1,6.4
1945년 9월,21.3,81,183.1,1.9,6.9
1945년 10월,13.5,79,63.3,2,3.8
1945년 11월,8.4,81,3.5,2.1,3.8
1945년 12월,-1.7,68,29.6,2.3,4.3
1946년 1월,-3.2,73,25.9,1.8,5.1
1946년 2월,-0.7,64,12.6,2.6,4.3
1946년 3월,2.5,61,60.9,2.9,5.5
1946년 4월,10.9,64,36.3,3,5.4
1946년 5월,16,66,67.2,2.6,5.6
1946년 6월,20.9,82,638.9,2.4,7.5
1946년 7월,25.6,84,177.9,2.4,7.1
1946년 8월,25.7,82,260.4,2.1,6.4
1946년 9월,19.9,76,128.6,1.9,4.8
1946년 10월,13.8,76,92.2,1.7,4.3
1946년 11월,8.8,74,1.5,2.3,3.6
1946년 12월,-4.3,69,17,2.1,3.9
1947년 1월,-3.9,69,25.2,2.1,4.4
1947년 2월,-5.3,67,4.4,2.4,2.6
1947년 3월,1.5,66,56.5,3.2,4.9
1947년 4월,10.5,62,80.2,3.1,4.6
1947년 5월,15.9,65,44,2.6,5.9
1947년 6월,18.7,77,118.6,2.4,7.3
1947년 7월,22.9,87,610.1,2.7,8.8
1947년 8월,25.1,85,320.5,2.2,7.5
1947년 9월,19.6,76,121.9,2,6.1
1947년 10월,11.8,64,10.6,2.2,3.7
1947년 11월,3.5,62,30.3,2.3,4.4
1947년 12월,-5.4,59,74.1,2.7,4.3
1948년 1월,-4.5,68,82.9,2.1,4.3
1948년 2월,-1.4,72,12.3,1.7,3.2
1948년 3월,4.7,63,51.7,2.8,4.9
1948년 4월,12.5,63,36.2,2.6,4.6
1948년 5월,16,63,42.9,2.6,4.7
1948년 6월,20.9,75,353.7,2.4,6.2
1948년 7월,24.3,85,323.1,2.4,8.3
1948년 8월,25.8,81,309.2,1.5,6
1948년 9월,20.2,77,141.7,1.8,5
1948년 10월,13.3,64,54.4,1.9,4
1948년 11월,5.1,67,15.6,1.8,2.9
1948년 12월,3.8,79,49.6,2.3,5.2
1949년 1월,-3,75,25.6,2.4,4.8
1949년 2월,1.3,71,20.8,2.4,3.6
1949년 3월,3.4,70,15.6,3.2,4.5
1949년 4월,9.9,70,37.9,2.7,5.2
1949년 5월,16.4,71,87.6,2.7,5.8
1949년 6월,20.5,64,29.3,2.7,6.9
1949년 7월,24.8,73,141.6,2.2,6.7
1949년 8월,26.1,74,96,2.2,4.8
1949년 9월,20.8,72,102.7,1.9,6.3
1949년 10월,13.9,63,41.7,1.9,2.9
1949년 11월,7,64,14.3,2,4.2
1949년 12월,-1.3,62,10.4,1.9,4.3
1950년 1월,-1.3,71,96.9,2.5,5.3
1950년 2월,-0.4,64,11.4,2.3,4.4
1950년 3월,4.6,57,9,3.1,4
1950년 4월,13.1,63,41.5,2.3,5.1
1950년 5월,17.5,66,37.4,2.2,4.4
1950년 6월,20.8,72,110.1,2,6.5
1950년 7월,26,77,223.3,2.6,6.2
1950년 8월,26.5,71,85.6,2.1,3.8
1950년 9월,,,117.4,,
1950년 10월,,,65.6,,
1951년 12월,,,48.3,,
1952년 1월,,,6.4,,
1952년 2월,,,25.9,,
1952년 3월,,,47.1,,
1952년 4월,,,123,,
1952년 6월,,,177.8,,
1952년 7월,,,316,,
1952년 9월,,,223.7,,
1952년 10월,,,101.1,,
1952년 11월,,,34.8,,
1952년 12월,,,18.1,,
1953년 1월,,,2.6,,
1953년 2월,,,4.1,,
1953년 3월,,,112.1,,
1953년 4월,,,37.4,,
1953년 5월,,,86.4,,
1953년 6월,,,198.6,,
1953년 7월,,,360.9,,
1953년 8월,,,403.3,,
1953년 9월,,,8.7,,
1953년 10월,,,84,,
1953년 11월,,,43.8,,
1953년 12월,0.6,71,30.3,1.8,4.4
1954년 1월,-1.5,72,14,2.1,4.5
1954년 2월,0.4,74,111.3,2.6,4.6
1954년 3월,3.1,65,4.9,3,3.5
1954년 4월,11.8,60,59.4,3,4.3
1954년 5월,16.6,67,61.5,2.6,5.7
1954년 6월,19.6,75,229.9,2.8,6.9
1954년 7월,21.9,85,537.5,2.9,8.1
1954년 8월,25.7,83,209,2.3,7
1954년 9월,20.3,79,53.2,2.3,7.2
1954년 10월,12.5,70,45.1,2,3.7
1954년 11월,9.5,74,19.6,2,4.3
1954년 12월,-2.7,64,40.4,2.4,3.1
1955년 1월,-5.6,67,12.3,2.5,3.5
1955년 2월,-0.1,63,9.6,2.7,4.9
1955년 3월,4.4,64,15.7,2.8,6.3
1955년 4월,11.1,67,55,3.4,6.2
1955년 5월,15.9,69,80.7,2.6,5.8
1955년 6월,21.4,74,316.5,2.4,6.6
1955년 7월,24.5,87,397.5,2.6,8.4
1955년 8월,26.2,71,60,2.1,4.6
1955년 9월,20.7,71,187.9,2,5.4
1955년 10월,12.6,70,26.7,2.2,4.2
1955년 11월,5.9,71,56.2,2.4,4.8
1955년 12월,0.6,67,12.6,2.2,4.8
1956년 1월,-3.9,64,6.3,2.5,4.4
1956년 2월,-3.4,61,26.6,2.9,3.2
1956년 3월,3.7,74,139.3,3,6.5
1956년 4월,9.5,68,65.9,2.9,6
1956년 5월,15.1,69,72.4,2.9,5.5
1956년 6월,19.7,80,417.5,2.5,7.4
1956년 7월,24.3,86,523.8,1.8,8
1956년 8월,24.8,73,47.2,2.1,6.2
1956년 9월,20.4,75,346,1.8,6.1
1956년 10월,12.8,66,29.7,1.8,4.2
1956년 11월,3.2,57,16.1,2.3,3.4
1956년 12월,-5.2,58,10.3,2.3,3.6
1957년 1월,-3.5,71,43.1,2,4
1957년 2월,-4.3,67,14.7,3.2,4.3
1957년 3월,0,65,16.7,2.9,4.6
1957년 4월,10.4,68,105.9,3.1,5.4
1957년 5월,16.9,66,60.5,2.6,5.4
1957년 6월,20.1,72,32.7,2.4,6.2
1957년 7월,22.4,87,474.8,2.5,8.6
1957년 8월,24.1,82,286.5,2.1,6.7
1957년 9월,18.9,65,4.5,1.8,4
1957년 10월,12.5,70,83.6,2,4.2
1957년 11월,8.3,68,20.5,2.1,3.5
1957년 12월,-0.5,70,76.8,2.4,4.1
1958년 1월,-6,70,55,2.8,4.5
1958년 2월,-0.8,71,7.7,2.2,4.4
1958년 3월,3.7,62,25.6,2.8,5.1
1958년 4월,10.8,64,142.3,2.9,6.4
1958년 5월,16.3,60,23.8,2.5,5.3
1958년 6월,22.2,63,39.3,2.1,6.1
1958년 7월,25.6,81,383.8,2.2,7.3
1958년 8월,23.8,78,193.9,1.9,7.5
1958년 9월,19.8,76,243.1,1.6,6.1
1958년 10월,12.7,69,120.1,2.1,4.6
1958년 11월,6.7,71,49.6,1.7,4.9
1958년 12월,4,72,41.2,2,5.4
1959년 1월,-5.1,62,3.9,2.6,3.5
1959년 2월,2.4,69,58,3.1,5.6
1959년 3월,6,68,163.6,2.9,5
1959년 4월,10.2,67,114.7,3.1,4.9
1959년 5월,17.9,63,91.2,2.3,5.5
1959년 6월,20.4,74,70.8,2.4,7.9
1959년 7월,24.4,83,323.1,2.2,7.1
1959년 8월,25.8,75,283,2.3,6.1
1959년 9월,20.8,75,142.9,1.6,7
1959년 10월,14.8,67,57.6,1.7,3
1959년 11월,5.8,69,27.9,1.9,4
1959년 12월,1.1,67,34.1,1.9,5
1960년 1월,-3.3,63,4.6,2.3,4.7
1960년 2월,1.7,64,4,2.5,4
1960년 3월,6.7,65,113.6,2.4,4.8
1960년 4월,10.6,59,19,2.8,4
1960년 5월,16.5,64,135.4,2.7,6.8
1960년 6월,20.6,74,296.9,2.2,6.9
1960년 7월,24.8,83,313.2,2.1,7.9
1960년 8월,26.2,73,138.1,2,6.7
1960년 9월,20.8,74,63.5,1.8,6.3
1960년 10월,15.1,66,7.9,1.3,4
1960년 11월,7.1,65,76.5,2.2,4.3
1960년 12월,-1.8,62,15.7,2.6,4.1
1961년 1월,-5.2,65,18,2.3,4.5
1961년 2월,-0.9,62,8.8,2.7,3.6
1961년 3월,5.4,64,40.8,2.8,4.8
1961년 4월,11.7,61,102.2,3.2,4.5
1961년 5월,17.3,67,123.6,2.5,6.2
1961년 6월,21.9,77,77.7,1.6,7.6
1961년 7월,26.2,86,267.8,1.9,8.2
1961년 8월,26.8,81,360.6,1.9,7.8
1961년 9월,21.5,75,295.1,1.6,5.1
1961년 10월,15.6,66,48.6,1.6,4.4
1961년 11월,8.9,67,57.8,2.5,5.3
1961년 12월,-0.6,68,35.6,1.7,3.9
1962년 1월,-3.4,60,1.2,1.9,3.3
1962년 2월,-0.7,66,25.7,1.9,4.3
1962년 3월,3.2,63,18.5,3,5.1
1962년 4월,10,66,91.6,3.1,5.2
1962년 5월,17.6,55,12.5,2.5,3.9
1962년 6월,21.1,69,110.3,2.1,7
1962년 7월,26.1,73,180,2.2,7.4
1962년 8월,25.1,83,193.2,2.1,7.8
1962년 9월,20.3,78,236.4,2.1,7
1962년 10월,13.6,68,36.8,1.4,3.6
1962년 11월,6.4,69,52.2,2.1,5.4
1962년 12월,1.1,73,27.8,1.9,4.2
1963년 1월,-9.1,67,13.3,2.9,2.6
1963년 2월,-2.4,73,2.6,2.7,2.8
1963년 3월,5.5,64,57.3,3,4.9
1963년 4월,11.4,71,221.1,3,7.2
1963년 5월,16.9,72,186.7,2.3,7.7
1963년 6월,21.2,76,383.7,2.3,7.3
1963년 7월,24.5,85,513.6,2.4,8.7
1963년 8월,25.7,77,126.5,1.9,6.2
1963년 9월,20.5,65,50.1,2.2,4.9
1963년 10월,13.5,65,32.1,1.9,2.9
1963년 11월,6.5,64,26.8,2.4,4
1963년 12월,0.8,69,12.8,2.4,4.9
1964년 1월,-0.1,69,20.3,2.3,5
1964년 2월,-3.5,67,27.1,2.6,4.6
1964년 3월,3.8,66,37.3,2.8,5.3
1964년 4월,14.1,73,338.8,2.8,6.7
1964년 5월,18.6,64,83.3,2.2,5
1964년 6월,21.6,71,112.5,2.1,6.1
1964년 7월,24.7,84,504.5,2.2,7.5
1964년 8월,26.3,77,220.3,2.6,6.5
1964년 9월,20.3,78,378.9,2,6.8
1964년 10월,13.8,65,40.6,1.3,5.1
1964년 11월,6.3,65,25.2,1.9,4.6
1964년 12월,0.2,65,5.2,2.2,3.7
1965년 1월,-4.2,66,19.1,2.7,3.5
1965년 2월,-1.2,59,2.4,2.9,3.4
1965년 3월,2.7,60,16.8,3.2,3.6
1965년 4월,10.3,57,10.4,3,5.1
1965년 5월,17.3,65,11.6,2.8,5.7
1965년 6월,22.1,67,23.8,2.1,5
1965년 7월,24.1,82,631.6,2.3,8.4
1965년 8월,24.4,84,319.4,2.2,7.8
1965년 9월,20.9,69,27,2.2,3.8
1965년 10월,14.8,70,63.7,2.1,3.9
1965년 11월,7,69,85,2.6,5.5
1965년 12월,-2,64,5.5,2.9,4.3
1966년 1월,-4.6,57,9.7,2.7,3.4
1966년 2월,0.1,67,29.4,2.8,6.2
1966년 3월,4.8,69,90.5,3.3,6.6
1966년 4월,11.8,62,35.7,2.8,5.9
1966년 5월,18.3,58,37.1,2.5,5.1
1966년 6월,20.5,77,179.8,2.1,7.1
1966년 7월,23.6,86,897.7,2.3,8.7
1966년 8월,26.7,80,272.8,1.9,6.4
1966년 9월,19.7,73,302.8,1.9,5.9
1966년 10월,14.4,72,74.9,2.3,5.8
1966년 11월,5.9,63,81.6,2.6,4.3
1966년 12월,-3,61,6.9,2.3,4.9
1967년 1월,-4.4,62,24.7,2.8,3
1967년 2월,-2.4,65,54.6,2.8,4.2
1967년 3월,4.8,67,88.2,2.9,5.6
1967년 4월,11.8,68,93.3,3,6.6
1967년 5월,19.3,64,59.6,2.3,4.9
1967년 6월,21.3,74,135.3,2.2,6.4
1967년 7월,25.5,80,283.8,2.3,7.5
1967년 8월,26.7,84,261.8,2.4,8.5
1967년 9월,20.7,69,158.1,2,5.5
1967년 10월,14.5,65,26.5,2.2,3.3
1967년 11월,6.5,65,53.3,2.6,5.5
1967년 12월,-4.9,66,9.6,2.6,4.3
1968년 1월,-4,65,11.3,3,3.9
1968년 2월,-4.4,63,12.5,2.9,3.1
1968년 3월,4.4,65,56.1,3.2,4.7
1968년 4월,12.6,54,45.2,2.9,4.3
1968년 5월,17.2,67,53.4,2.7,6.4
1968년 6월,21,71,41.1,2.5,5.5
1968년 7월,24.7,81,412.4,2.4,7.8
1968년 8월,24.9,75,362.8,2.4,6
1968년 9월,20.9,71,126.3,2.3,5.1
1968년 10월,13,71,101.8,2.2,4.7
1968년 11월,7.6,76,54.2,2.4,5.1
1968년 12월,3.1,72,11.1,2.6,5.9
1969년 1월,-3.5,69,62.2,2.7,5.6
1969년 2월,-2.7,69,59.2,2.8,6
1969년 3월,2.9,62,13.7,2.9,5.1
1969년 4월,10.6,69,219.3,3.1,6.1
1969년 5월,16.4,68,255.2,2.5,5.8
1969년 6월,20,71,31.8,2.3,6.3
1969년 7월,24,79,345.9,2.7,8.9
1969년 8월,24.8,83,455.1,2.5,7
1969년 9월,20.8,78,230,1.9,7.4
1969년 10월,13.9,65,18.4,2.1,3.6
1969년 11월,5,68,28.4,2.5,5
1969년 12월,-2,67,17.6,2.7,4.4
1970년 1월,-4.8,65,5.9,2.5,3.1
1970년 2월,-0.2,64,49.2,2.9,5.1
1970년 3월,0.4,59,12.7,3.2,4.2
1970년 4월,12.2,52,7.5,2.9,4.8
1970년 5월,18.7,63,84,2.7,5.5
1970년 6월,20.5,74,249.8,2.3,7.5
1970년 7월,23,86,425.6,2.3,8.9
1970년 8월,25.9,81,195.9,2.6,7.1
1970년 9월,21.2,80,461.2,2,6.6
1970년 10월,14.9,74,153.1,1.9,3.5
1970년 11월,5.7,72,42.8,2.5,3.9
1970년 12월,-1,68,20.5,2.6,4.2
1971년 1월,-2.4,72,19.3,2.4,4.7
1971년 2월,-0.7,65,26,2.7,4.5
1971년 3월,2,65,42.2,3.4,4.8
1971년 4월,11.2,57,52.7,2.7,3.8
1971년 5월,16.6,70,121.6,2.6,5.3
1971년 6월,21.6,82,135.8,2.2,6.9
1971년 7월,23.9,88,530.3,2.5,8.4
1971년 8월,24.6,80,223.2,2.2,6.6
1971년 9월,20.6,73,159.8,2.2,5.3
1971년 10월,13,67,12.8,1.9,3
1971년 11월,8.7,72,19.5,2.2,4.2
1971년 12월,-1.2,65,16.5,2.8,3.9
1972년 1월,0.8,75,62.6,2.7,6
1972년 2월,-0.6,69,32.6,2.8,6.2
1972년 3월,5.3,74,76.8,2.8,5.1
1972년 4월,11.5,66,23.4,2.8,5.9
1972년 5월,16.4,66,85.3,3,5.5
1972년 6월,21.7,72,28,2.5,5.9
1972년 7월,25.7,78,230.8,2.4,6.2
1972년 8월,23.1,83,881.8,2.6,7.1
1972년 9월,19,78,133.6,2.3,5.7
1972년 10월,13.8,77,82.6,2.4,4.2
1972년 11월,5.2,76,125.4,2.6,5.6
1972년 12월,0.6,69,6.7,2.4,5.1
1973년 1월,0.4,74,56.9,2.2,5.2
1973년 2월,0.6,64,3.7,2.8,4.2
1973년 3월,4.5,61,13.7,3.2,4.2
1973년 4월,12.4,72,133,3.3,6
1973년 5월,17.4,65,82.5,3.1,5.5
1973년 6월,21.4,76,107.9,2.3,7.6
1973년 7월,26.8,85,191.3,2.3,6.3
1973년 8월,25.9,89,188.4,2.4,7.2
1973년 9월,20.3,76,88.1,2,5.4
1973년 10월,13,67,26.5,2.2,4.6
1973년 11월,4.7,67,24.7,2.9,4.2
1973년 12월,-3,66,11.4,2.8,3.1
1974년 1월,-2.4,64,15.1,2.1,2.6
1974년 2월,-2.1,66,23.8,2.7,5.2
1974년 3월,3.7,69,27.7,3,5.4
1974년 4월,10.7,66,144.8,3.5,5.7
1974년 5월,16.7,68,239.8,2.7,5.7
1974년 6월,19.7,73,64.3,2.6,6.2
1974년 7월,23.5,82,256.9,2.1,8.5
1974년 8월,25.1,80,319,2.4,6.2
1974년 9월,20.6,74,96.3,2.1,4.6
1974년 10월,12.6,72,36.2,2.2,4.9
1974년 11월,5.4,64,10.6,2.2,3.9
1974년 12월,-0.5,64,16.2,2.3,4.5
1975년 1월,-2.7,62,17.4,2.7,3.5
1975년 2월,-0.8,57,6.4,3,4
1975년 3월,4.4,70,64.2,2.8,4.4
1975년 4월,13.3,63,103,2.9,6.1
1975년 5월,16.7,66,83.7,2.3,5.7
1975년 6월,21.4,75,50.5,1.9,6.5
1975년 7월,24.9,83,384.5,2.1,8.5
1975년 8월,27,73,96.2,1.7,5.2
1975년 9월,22.6,74,181.3,1.9,6.5
1975년 10월,15.4,67,21,1.7,4.8
1975년 11월,9,62,36.3,2.4,4.5
1975년 12월,-1.6,58,22.9,2.3,2.4
1976년 1월,-3.8,57,4,3,3.3
1976년 2월,2.8,65,108.3,2.6,5.4
1976년 3월,4.8,60,6.8,2.7,4.8
1976년 4월,11.3,56,58.4,2.5,4.7
1976년 5월,16.7,57,41.5,2.5,4.5
1976년 6월,21.3,67,49.2,2.1,6.2
1976년 7월,23.1,74,176.7,2.3,7.6
1976년 8월,23.7,82,462.3,2,8.1
1976년 9월,19.9,70,78.7,1.8,4.5
1976년 10월,13.7,68,60.7,1.8,4.6
1976년 11월,3.5,67,30.7,2.4,4.3
1976년 12월,0.4,69,32.2,2.6,4.6
1977년 1월,-6.7,60,2.2,2.6,3.2
1977년 2월,-2.4,61,0.2,3.1,3.1
1977년 3월,5.4,62,36.5,2.9,5
1977년 4월,12.5,67,228.8,2.9,5
1977년 5월,17.4,67,63.7,2.1,5.2
1977년 6월,22.5,68,46.4,2.1,5.8
1977년 7월,26,81,405.4,1.9,7.1
1977년 8월,24.6,66,101,2.3,6.1
1977년 9월,21.5,70,96.2,2,6.4
1977년 10월,16.7,71,15.7,1.7,3.1
1977년 11월,7.6,69,96,2.3,5.1
1977년 12월,2.4,74,55.4,2.1,5.5
1978년 1월,-2.4,67,11.6,2.4,4.5
1978년 2월,-2.5,65,13.6,2.8,3.9
1978년 3월,4.2,64,52.2,2.9,4.2
1978년 4월,11.5,55,13,3.2,4.6
1978년 5월,18.5,53,25.4,2.5,3.5
1978년 6월,21.9,72,374.7,2.1,6.6
1978년 7월,26.4,81,242.2,1.6,6.7
1978년 8월,25.8,81,270.7,2.1,7.3
1978년 9월,20.9,72,80.9,2,5.9
1978년 10월,14.5,65,40,1.8,3.8
1978년 11월,7.9,64,7.5,2,4.1
1978년 12월,1.6,66,29.1,2.2,4.7
1979년 1월,0.9,66,19.6,2.6,4.9
1979년 2월,0.6,64,32.6,2.9,4.8
1979년 3월,6,61,60.3,2.9,4.5
1979년 4월,11.2,59,138.6,3.2,5
1979년 5월,16.5,67,116,2.5,4
1979년 6월,21.4,83,354.4,2.2,7.6
1979년 7월,24.3,81,204.3,2.4,7.7
1979년 8월,25.4,78,237.8,2.1,5.8
1979년 9월,20.1,73,46.8,1.7,5.7
1979년 10월,15.9,67,3.5,2.2,2.8
1979년 11월,5.7,62,30,2.7,4.1
1979년 12월,1.4,71,35.5,2.2,4.8
1980년 1월,-3.7,65,28,3,4.5
1980년 2월,-3.1,64,5,2.8,3.2
1980년 3월,5.2,63,32.8,2.9,5
1980년 4월,10.1,65,216.7,3.2,5.5
1980년 5월,16.5,65,90.3,3.1,4.4
1980년 6월,21.6,76,118.8,2.7,6.8
1980년 7월,22.7,80,259.2,2.2,8.2
1980년 8월,22.8,76,331.5,2.2,8
1980년 9월,19.6,66,58.3,2.1,4.6
1980년 10월,13,62,44.9,2.4,3.8
1980년 11월,8.6,65,10.6,2.2,5.1
1980년 12월,-3.8,64,46.3,2.8,3.3
1981년 1월,-7,66,21,2.4,3.1
1981년 2월,-1.4,65,12,2.6,5.3
1981년 3월,5.7,61,55.4,2.9,4.1
1981년 4월,11.9,66,55.4,2.8,5.1
1981년 5월,15.9,69,80.8,3.4,5.8
1981년 6월,21.8,67,109.1,2.5,6.3
1981년 7월,25.4,82,463.8,2.6,7.7
1981년 8월,24.5,76,192.9,2.2,6.4
1981년 9월,20,72,129,2.3,5
1981년 10월,13.4,67,34.1,2.7,4.9
1981년 11월,3.6,59,46.7,2.4,4.6
1981년 12월,0.1,65,16,2.3,3.8
1982년 1월,-3.5,63,26,2.7,3.7
1982년 2월,0.6,62,2.9,2.5,4
1982년 3월,5.9,61,46,2.9,4.4
1982년 4월,12.3,53,8.1,2.9,4.4
1982년 5월,17.9,68,134.6,2.9,6.3
1982년 6월,21.9,67,15.7,2.4,6
1982년 7월,25.1,73,195.5,2.4,6.4
1982년 8월,25.4,81,255.8,2.4,7.5
1982년 9월,20.8,61,4.8,2,4.3
1982년 10월,15.8,65,46.5,2.1,4
1982년 11월,7.9,66,164.8,2.3,4.8
1982년 12월,-0.1,65,48.6,2.5,4.7
1983년 1월,-1.7,64,11.1,2.4,4.1
1983년 2월,-1.7,58,11.7,3.1,4.1
1983년 3월,6.4,60,67.5,2.5,5.1
1983년 4월,13.6,57,113.4,3.4,5.6
1983년 5월,18.5,62,69,2.5,5.6
1983년 6월,22.2,65,27.4,2.5,5.8
1983년 7월,23.6,83,398.6,2.6,8.8
1983년 8월,26,75,132.2,2.4,7.2
1983년 9월,22,74,253.4,1.8,6.9
1983년 10월,14.2,69,82.2,2,5.9
1983년 11월,6.7,63,28.7,2.5,4.7
1983년 12월,-1.1,56,9.9,2.4,3.1
1984년 1월,-5.9,53,10.7,2.1,3.6
1984년 2월,-3.5,50,14.9,2.9,3.7
1984년 3월,2.5,55,11.4,3.3,5.3
1984년 4월,12.1,61,41.8,2.8,6
1984년 5월,18.2,64,35.2,2.7,5.4
1984년 6월,22.6,71,105.5,2.5,6.4
1984년 7월,25.2,81,269.9,2.4,7.3
1984년 8월,26.3,79,330.9,2.3,7
1984년 9월,20.1,75,348.1,2.1,6.1
1984년 10월,13.8,67,21.4,2.4,3.4
1984년 11월,8.1,69,35.5,2.2,4.5
1984년 12월,-0.9,67,24.2,2.5,4.7
1985년 1월,-5.9,63,31.2,2.5,4
1985년 2월,-0.3,69,25.9,2.8,5.5
1985년 3월,4.3,60,57.8,2.9,4.9
1985년 4월,11.6,62,69,2.9,5.1
1985년 5월,18.1,67,177.4,2.4,6
1985년 6월,22.1,71,85.4,2.2,6.4
1985년 7월,25.3,81,185.2,2.4,7.4
1985년 8월,26.3,80,438.9,2.2,7
1985년 9월,20.2,79,171.7,2.1,7.5
1985년 10월,14.7,73,177.8,2.1,5.9
1985년 11월,5.6,73,82.4,2.5,5.5
1985년 12월,-3.4,67,41.9,2.6,3.8
1986년 1월,-5.4,68,11.7,2.5,3.4
1986년 2월,-3.3,65,8.3,2.8,3.2
1986년 3월,4.9,68,44.3,2.6,4.2
1986년 4월,11.9,56,20.6,3.1,4.3
1986년 5월,17.1,66,71.5,2.8,5.2
1986년 6월,21.9,74,117.1,2.2,6.6
1986년 7월,23.5,80,351.8,2.2,7.6
1986년 8월,24.5,78,370.3,2.3,6.8
1986년 9월,19.9,74,101,2.1,5.9
1986년 10월,12.7,70,79.6,2,5.5
1986년 11월,5.2,64,39.3,2.2,4.3
1986년 12월,1.9,70,31.9,2.3,5.5
1987년 1월,-3,63,43.4,2.6,4
1987년 2월,-0.1,65,36.2,2.9,4.7
1987년 3월,4,66,34.2,3.1,5.5
1987년 4월,10.8,62,55.3,2.7,4.7
1987년 5월,17,65,126.6,2.5,5.2
1987년 6월,22.4,66,130.3,2.2,5.9
1987년 7월,23.7,83,651.2,2.5,8
1987년 8월,24.4,85,521.8,2.1,7.5
1987년 9월,20.1,69,61.1,2.2,4.5
1987년 10월,15.5,65,21.9,2.1,4.2
1987년 11월,7.5,62,66.8,2.4,4.6
1987년 12월,0.9,59,2.6,2.3,3.6
1988년 1월,-2.1,60,3.3,2.7,4.1
1988년 2월,-1.5,55,4.5,2.9,4.1
1988년 3월,4.3,52,31.3,2.8,4.8
1988년 4월,11.3,56,60.5,3.1,4.3
1988년 5월,17.9,54,42.8,2.4,5.1
1988년 6월,22.3,70,73.7,2.5,5.6
1988년 7월,24.4,78,382.3,2.5,8
1988년 8월,26.4,72,81.3,2.2,5.4
1988년 9월,21.4,66,39.7,1.8,4.6
1988년 10월,15,58,8.4,2,3.6
1988년 11월,5.5,55,21.1,2.5,2.2
1988년 12월,0.1,59,11.9,2.5,4.3
1989년 1월,0.8,70,44.6,2.3,6
1989년 2월,2.4,57,32.7,2.4,4.3
1989년 3월,6.1,62,116.7,2.9,4.5
1989년 4월,14.3,48,14,2.5,3.6
1989년 5월,17.9,64,41.1,2.8,5.1
1989년 6월,21.2,67,177.1,2.4,5.8
1989년 7월,24.5,79,343.5,2.1,6.8
1989년 8월,25.5,72,329.4,2.3,5.8
1989년 9월,20.7,74,101.2,2.1,6.1
1989년 10월,13.6,66,69.9,2.1,3.6
1989년 11월,7.1,67,154.5,2.5,4.4
1989년 12월,1.4,68,12.4,2.1,3.8
1990년 1월,-3.2,61,62.2,2.4,4.5
1990년 2월,2.7,72,64.8,2.2,6.3
1990년 3월,7.2,65,92.3,2.7,5
1990년 4월,11.3,64,94.2,3,5
1990년 5월,16.2,74,122.8,2.7,6.7
1990년 6월,20.7,81,497.2,2.4,7.5
1990년 7월,24.9,85,486.5,2.3,7.8
1990년 8월,26.4,77,283.5,2,5.1
1990년 9월,21.1,74,570.1,1.9,5.5
1990년 10월,15.4,63,0,1.8,2.4
1990년 11월,10,71,56,2.1,4.2
1990년 12월,0.8,68,25.9,2.7,4.3
1991년 1월,-2.6,63,14.4,2.2,3
1991년 2월,-0.9,61,28.4,2.7,4.3
1991년 3월,4.9,64,65.5,2.7,5.3
1991년 4월,13,56,48.5,2.6,3.4
1991년 5월,17.5,60,83.2,2.9,4.4
1991년 6월,22.6,70,81.8,2.4,6.1
1991년 7월,24.3,84,487.8,2.3,7.4
1991년 8월,25.5,71,68.2,2,4.9
1991년 9월,21.1,70,175.2,1.7,5.3
1991년 10월,13.8,61,27.3,2,2.8
1991년 11월,6.5,59,35,2.1,3.5
1991년 12월,2.2,69,42.9,2.2,5.4
1992년 1월,-0.2,68,13.6,2.1,3.7
1992년 2월,0.7,62,46.6,2.5,3.2
1992년 3월,7.6,58,11.2,2.3,5.1
1992년 4월,12,59,76.5,2.7,4.7
1992년 5월,16.4,65,155.5,2.6,4.5
1992년 6월,20.9,66,99.6,2.5,5.2
1992년 7월,24.8,81,270.1,2.6,7.9
1992년 8월,24.8,77,418.8,1.5,6.2
1992년 9월,20.9,71,168.5,1.8,5.3
1992년 10월,14,70,33.6,1.5,4
1992년 11월,6.2,67,89.5,1.9,4.1
1992년 12월,1.5,65,71.4,2,4.4
1993년 1월,-1.9,62,2.2,2.2,3.8
1993년 2월,1,63,69.5,3.1,3.8
1993년 3월,5.8,63,29.2,2.6,4.1
1993년 4월,10.6,63,85.5,3.1,3.9
1993년 5월,18.2,64,135.7,2.4,5.4
1993년 6월,21.3,78,198.2,2.2,6.9
1993년 7월,23.3,77,424.4,2.1,6.7
1993년 8월,23.2,80,197.8,2,6.5
1993년 9월,21.2,67,56.1,2,4
1993년 10월,13.4,61,15.4,2.2,2.9
1993년 11월,8.5,70,66.6,2.4,5.5
1993년 12월,-0.2,62,12.1,2.5,3.6
1994년 1월,-0.9,58,6.5,2.3,4.5
1994년 2월,0.8,55,14.8,2.5,3.8
1994년 3월,4,60,31.7,3.2,4
1994년 4월,15.2,53,44.9,2.4,4.4
1994년 5월,17.9,67,152.4,2.8,4.9
1994년 6월,22.8,68,85,2.2,5.5
1994년 7월,28.5,79,139.5,2.1,6.1
1994년 8월,27.6,76,232.7,2.2,6
1994년 9월,21,69,60.7,1.9,3.8
1994년 10월,15.2,71,214.5,2,4.1
1994년 11월,9.3,63,49.6,2,4.1
1994년 12월,1.1,60,23.5,2.3,4.1
1995년 1월,-2.1,52,11.6,2.6,2.9
1995년 2월,1.2,56,5.2,2.2,2.2
1995년 3월,6,64,60.6,2.8,5.4
1995년 4월,11.3,54,44.4,3.1,3.8
1995년 5월,17.1,58,60.6,2.7,4.7
1995년 6월,21.6,71,70.7,2,6.2
1995년 7월,24.5,81,436.1,2.5,7.6
1995년 8월,26,85,786.6,2.4,7.4
1995년 9월,20,68,47.2,1.6,4.9
1995년 10월,15.5,61,39.3,1.7,4.1
1995년 11월,6.2,57,32.9,2.3,2.6
1995년 12월,-1,55,3.4,2.2,2.8
1996년 1월,-2.2,51,16.3,2.4,3.6
1996년 2월,-1.6,47,1,2.7,3
1996년 3월,4.9,54,77.9,2.7,5.2
1996년 4월,10.2,52,62,3,3.8
1996년 5월,18.4,58,29.3,2.2,4.2
1996년 6월,22.3,75,249.7,1.9,8.1
1996년 7월,24.4,76,512.8,1.9,7.6
1996년 8월,26,73,132.4,1.7,6.2
1996년 9월,22,66,11,1.8,3.9
1996년 10월,14.5,63,90.3,2,4.3
1996년 11월,6.1,64,62.9,2.2,4.5
1996년 12월,1.6,59,11,2.2,3.6
1997년 1월,-3.3,58,16.8,2.6,3.2
1997년 2월,0.7,54,39.6,2.6,2.6
1997년 3월,6.8,56,25.3,2.8,3.2
1997년 4월,13,55,56.1,2.7,3.8
1997년 5월,17,66,291.3,2.5,6.3
1997년 6월,23.4,65,110,2.1,4.8
1997년 7월,26.1,80,299.6,1.9,5.8
1997년 8월,26.8,71,117.2,2.2,4.9
1997년 9월,20.2,63,76.9,2,3.9
1997년 10월,13.4,55,45.5,2.4,2.4
1997년 11월,8.8,61,93.8,2,4
1997년 12월,1.8,59,38.1,2.1,4.2
1998년 1월,-1.3,59,10.4,2.4,4
1998년 2월,3.4,59,32.3,2.4,4.1
1998년 3월,7.3,58,45.1,2.8,3.6
1998년 4월,15.6,65,120.2,2.2,5.5
1998년 5월,19,59,121.5,2.2,5.1
1998년 6월,21.9,67,234.1,2.1,6.3
1998년 7월,24.9,75,311.8,2.5,7
1998년 8월,25,79,1237.8,2,7.5
1998년 9월,23,70,177.9,1.8,5
1998년 10월,17,67,27.4,1.9,4.7
1998년 11월,7.3,61,26.9,2.2,3.5
1998년 12월,2.3,60,3.7,2.2,2.8
1999년 1월,-0.8,58,10.2,2.6,3
1999년 2월,0.7,60,2.9,2.8,4
1999년 3월,6.7,50,55,2.5,4.9
1999년 4월,13.9,59,97.2,2.6,4.4
1999년 5월,17.5,66,109.7,2.2,4.2
1999년 6월,23.1,68,131.8,1.8,5.2
1999년 7월,25.9,73,230.4,2.1,7.5
1999년 8월,26,74,600.5,1.2,6.4
1999년 9월,22.9,76,377.3,1.3,6.7
1999년 10월,14.3,71,81.6,1.1,4.9
1999년 11월,7.9,65,19.5,1.3,3.6
1999년 12월,0.4,64,17,1.2,3
2000년 1월,-2.1,64,42.8,2.6,4.2
2000년 2월,-1.7,56,2.1,2.7,3.2
2000년 3월,6.3,55,3.1,3,3.9
2000년 4월,11.9,56,30.7,2.9,5
2000년 5월,17.5,66,75.2,2.3,6
2000년 6월,23.7,65,68.1,1.9,6
2000년 7월,26.8,74,114.7,2.1,6.8
2000년 8월,26.2,79,599.4,1.7,6.6
2000년 9월,20.7,71,178.5,1.7,6
2000년 10월,14.9,64,18.1,1.5,4.7
2000년 11월,7,57,27.1,1.8,4.3
2000년 12월,0.9,58,27,2.2,4
2001년 1월,-4.1,62,39.4,2.2,4.1
2001년 2월,-0.3,60,45.7,2.1,4.4
2001년 3월,5,51,18.1,2.8,4.4
2001년 4월,13.6,50,12.3,2.5,4.2
2001년 5월,19.1,61,16.5,2.1,5.1
2001년 6월,22.5,71,157.4,1.6,6.6
2001년 7월,25.9,76,698.4,1.4,7.2
2001년 8월,26.5,69,252,1,4.8
2001년 9월,22.5,58,49.3,1.1,3.9
2001년 10월,16.5,65,68.2,1.3,3.9
2001년 11월,7,58,13,1.7,2.7
2001년 12월,-0.6,49,15.7,2.1,3.1
2002년 1월,0.3,63,37.4,2.3,4.1
2002년 2월,2.9,55,2.4,2,3.8
2002년 3월,7.6,55,31.5,2.1,4.3
2002년 4월,13.6,53,155.1,2.3,3.8
2002년 5월,18.2,62,58,2.3,4.8
2002년 6월,22.2,62,61.4,2,4.5
2002년 7월,25.2,74,220.6,2.1,7.1
2002년 8월,24.2,79,688,2,8.1
2002년 9월,21.6,67,61.1,1.6,4.8
2002년 10월,12.8,60,45,2,3.7
2002년 11월,4,56,12.5,2.4,3.7
2002년 12월,1.7,60,15,2.2,5
2003년 1월,-2.5,60,14.1,2.5,3.8
2003년 2월,2.7,62,39.6,2.2,4.6
2003년 3월,6.5,58,26.8,2.3,5.4
2003년 4월,13.2,60,139.6,2.5,5.4
2003년 5월,19.6,57,106,1.8,4.4
2003년 6월,21.5,69,156,2,6.7
2003년 7월,23.8,75,469.8,1.8,7.6
2003년 8월,24.1,77,684.2,1.4,7.6
2003년 9월,20.9,72,258.2,1.1,6.3
2003년 10월,13.9,61,41.5,2,3.4
2003년 11월,9.5,66,69.3,2,5.4
2003년 12월,0.7,59,6.9,2.4,3.1
2004년 1월,-1.5,59,19.8,2.1,3.3
2004년 2월,2.3,56,54.6,2.9,3.5
2004년 3월,6.3,49,27.6,2.7,3.9
2004년 4월,13.1,51,74.1,2.7,3.9
2004년 5월,17.6,68,168.5,2.6,5.8
2004년 6월,23.2,64,138.1,2.1,6.4
2004년 7월,24.8,82,510.7,2.3,7.8
2004년 8월,26.1,71,193.3,2.4,6
2004년 9월,21.7,69,198.7,2.2,5.5
2004년 10월,15.2,54,6.5,2,2.4
2004년 11월,9.1,66,80,2,3.7
2004년 12월,1.9,56,27.2,2.2,3
2005년 1월,-2.5,52,4.5,2.4,2.7
2005년 2월,-1.9,49,17.2,2.8,3.5
2005년 3월,4.1,54,12.5,2.9,3.8
2005년 4월,13.2,53,94.7,3,4.3
2005년 5월,17.7,55,85.8,2.4,4.1
2005년 6월,22.7,69,168.5,2.4,6.3
2005년 7월,25.3,76,269.4,2.2,7.2
2005년 8월,25.1,75,285,2.6,6.9
2005년 9월,21.8,71,313.3,2.3,6.4
2005년 10월,14.7,65,52.6,1.7,3.4
2005년 11월,8.6,55,44.6,2.2,2.9
2005년 12월,-3.9,51,10.3,2.5,2.2
2006년 1월,-0.2,57,34.3,2.1,4
2006년 2월,0.1,53,15.7,2.6,4.3
2006년 3월,5.2,51,14,2.9,4.2
2006년 4월,11.6,55,51.8,3,5.9
2006년 5월,18.4,57,156.2,2.5,5.2
2006년 6월,21.8,68,168.5,2.2,6.1
2006년 7월,23.1,82,1014,2.3,8.7
2006년 8월,27,69,121.2,2.1,5.4
2006년 9월,21.1,58,11.1,2.1,4.7
2006년 10월,17.9,62,30.2,2,3.2
2006년 11월,8.4,58,47.6,2.4,4.3
2006년 12월,1.4,59,17.3,2.1,3.7
2007년 1월,0.4,56,10.8,2,3.5
2007년 2월,4,53,12.6,2.3,3.3
2007년 3월,6.1,60,123.5,2.7,5.2
2007년 4월,11.4,53,41.1,2.8,4.8
2007년 5월,18.1,62,137.6,2.6,5.5
2007년 6월,23.2,61,54.5,2.3,6.1
2007년 7월,24.2,75,274.1,2.4,7.6
2007년 8월,26.5,75,237.6,2.6,6.9
2007년 9월,21.5,74,241.9,2.5,7.3
2007년 10월,15.1,63,39.5,2.1,4.9
2007년 11월,6.7,55,26.4,2.2,3.1
2007년 12월,1.8,60,12.7,2.4,4
2008년 1월,-1.7,50,17.7,2.3,4.5
2008년 2월,-1.2,46,15,2.7,2.3
2008년 3월,7.3,56,53.9,2.6,4.2
2008년 4월,14.1,50,38.5,2.7,4.6
2008년 5월,17.7,58,97.7,2.7,4.8
2008년 6월,21.5,65,165,2.7,6.5
2008년 7월,25.1,78,530.8,2.4,8.2
2008년 8월,25.3,70,251.2,2.5,5.4
2008년 9월,22,64,99.2,1.9,5.2
2008년 10월,16.1,62,41.8,2,3.9
2008년 11월,7.6,58,19.6,2.2,4.3
2008년 12월,1.1,56,25.9,2.5,4.3
2009년 1월,-2,50,5.7,2.5,2.5
2009년 2월,2.9,57,36.9,2.5,5.3
2009년 3월,6,52,63.9,3.1,4.4
2009년 4월,12.7,54,66.5,2.6,4.1
2009년 5월,19.1,59,109,2.5,4.3
2009년 6월,22.4,66,132,2.5,5.4
2009년 7월,24.3,76,659.4,2.3,6.7
2009년 8월,25.7,69,285.3,2.2,5.6
2009년 9월,21.8,64,64.5,1.8,4
2009년 10월,16,62,66.9,2.1,2.5
2009년 11월,6.9,64,52.4,2.5,5.1
2009년 12월,-1,60,21.5,2.5,3.8
2010년 1월,-4.5,65,29.3,2.3,3.7
2010년 2월,1.4,59,55.3,2.4,4.8
2010년 3월,4.3,59,82.5,2.9,6.2
2010년 4월,9.5,54,62.8,2.9,5.2
2010년 5월,17.2,62,124,2.6,5.4
2010년 6월,23.4,62,127.6,2.1,5
2010년 7월,25.8,74,239.2,2.5,7.4
2010년 8월,26.5,78,598.7,2.4,7.6
2010년 9월,21.8,72,671.5,2.3,5.9
2010년 10월,14.5,61,25.6,2.2,3.7
2010년 11월,6.5,55,10.9,2.8,3.4
2010년 12월,-1.3,56,16.1,3,4.1
2011년 1월,-7.2,54,8.9,2.8,2.7
2011년 2월,1.2,55,29.1,2.6,4
2011년 3월,3.6,51,14.6,3.4,3.3
2011년 4월,10.7,54,110.1,3.2,4.7
2011년 5월,17.9,57,53.4,2.8,5.6
2011년 6월,22,67,404.5,2.9,6.1
2011년 7월,24.6,79,1131,2.4,8
2011년 8월,25.8,74,166.8,2.5,7.5
2011년 9월,21.8,58,25.6,2.4,4.5
2011년 10월,14.2,55,32,2.1,3.8
2011년 11월,10.7,61,56.2,2.7,6
2011년 12월,-0.9,51,7.1,2.6,3.9
2012년 1월,-2.8,49,6.7,2.5,3.6
2012년 2월,-2,43,0.8,2.9,3.4
2012년 3월,5.1,52,47.4,3.5,5.2
2012년 4월,12.3,54,157,3.4,4.6
2012년 5월,19.7,48,8.2,2.7,4.3
2012년 6월,24.1,54,91.9,2.8,5.4
2012년 7월,25.4,74,448.9,2.7,7.4
2012년 8월,27.1,68,464.9,3,6.8
2012년 9월,21,65,212,2.3,5.6
2012년 10월,15.3,58,99.3,2.3,3.6
2012년 11월,5.5,57,67.8,2.7,4.5
2012년 12월,-4.1,57,41.4,2.7,3.5
2013년 1월,-3.4,57,22.1,2.7,4.3
2013년 2월,-1.2,54,74.1,2.9,4.7
2013년 3월,5.1,49,27.3,3,3.3
2013년 4월,10,54,71.7,3.4,5
2013년 5월,18.2,58,132,2.9,4.7
2013년 6월,24.4,60,28.3,2.2,5.4
2013년 7월,25.5,79,676.2,3.4,8.5
2013년 8월,27.7,69,148.6,2.8,6.2
2013년 9월,21.8,63,138.5,2.2,5.5
2013년 10월,15.8,59,13.5,2.5,2.9
2013년 11월,6.2,58,46.8,2.7,3.9
2013년 12월,-0.2,60,24.7,2.4,4
2014년 1월,-0.7,50,13,2.4,3.4
2014년 2월,1.9,52,16.2,2.7,4
2014년 3월,7.9,60,7.2,3,3.9
2014년 4월,14,60,31,2.8,4.7
2014년 5월,18.9,59,63,3.2,3.2
2014년 6월,23.1,73,98.1,2.6,6.7
2014년 7월,26.1,74,207.9,2.8,6.8
2014년 8월,25.2,77,172.8,2.4,7.1
2014년 9월,22.1,69,88.1,2.1,4.9
2014년 10월,15.6,63,52.2,2.4,3.3
2014년 11월,9,61,41.5,2.5,4.3
2014년 12월,-2.9,56,17.9,2.8,3.4
2015년 1월,-0.9,56,11.3,2.6,3.9
2015년 2월,1,59,22.7,2.9,4.5
2015년 3월,6.3,45,9.6,3.1,2.8
2015년 4월,13.3,55,80.5,3.1,5
2015년 5월,18.9,53,28.9,3,4.1
2015년 6월,23.6,60,99,2.5,5.6
2015년 7월,25.8,71,226,2.8,7
2015년 8월,26.3,70,72.9,2.4,5.6
2015년 9월,22.4,56,26,2.3,3.8
2015년 10월,15.5,61,81.5,2.3,2.8
2015년 11월,8.9,74,104.6,2.7,6.6
2015년 12월,1.6,60,29.1,2.3,4.1
2016년 1월,-3.2,53,1,2.5,4
2016년 2월,0.2,52,47.6,2.8,3.7
2016년 3월,7,51,40.5,2.4,3.6
2016년 4월,14.1,55,76.8,2.4,4.8
2016년 5월,19.6,56,160.5,2.4,4.6
2016년 6월,23.6,63,54.4,2.1,5.3
2016년 7월,26.2,73,358.2,2.1,7.2
2016년 8월,28,64,67.1,2.1,4.6
2016년 9월,23.1,65,33,2,5.8
2016년 10월,16.1,62,74.8,2.1,5.3
2016년 11월,6.8,57,16.7,2.2,4.7
2016년 12월,1.2,59,61.1,2.2,4.7
2017년 1월,-1.8,55,14.9,2.3,3.5
2017년 2월,-0.2,54,11.1,2.4,2.8
2017년 3월,6.3,48,7.9,2.4,3.9
2017년 4월,13.9,52,61.6,2.6,4.4
2017년 5월,19.5,52,16.1,2.4,3.9
2017년 6월,23.3,57,66.6,2.4,4.7
2017년 7월,26.9,77,621,2,7.9
2017년 8월,25.9,71,297,2.3,7
2017년 9월,22.1,61,35,2,4.2
2017년 10월,16.4,56,26.5,1.9,4.5
2017년 11월,5.6,54,40.7,2.1,4.2
2017년 12월,-1.9,56,34.8,1.8,3.9
2018년 1월,-4,48,8.5,1.9,4.3
2018년 2월,-1.6,45,29.6,2.2,3.9
2018년 3월,8.1,59,49.5,1.9,5.2
2018년 4월,13,55,130.3,2,4.7
2018년 5월,18.2,63,222,1.7,5.4
2018년 6월,23.1,63,171.5,1.7,5.9
2018년 7월,27.8,68,185.6,1.5,5.1
2018년 8월,28.8,65,202.6,1.7,5.8
2018년 9월,21.5,61,68.5,1.6,5.1
2018년 10월,13.1,59,120.5,1.5,3.7
2018년 11월,7.8,58,79.1,1.4,4
2018년 12월,-0.6,46,16.4,1.8,3.8
2019년 1월,-0.9,46,0,1.8,3.1
2019년 2월,1,47,23.8,1.8,4.8
2019년 3월,7.1,51,26.8,2.1,4.7
2019년 4월,12.1,51,47.3,1.9,4.9
2019년 5월,19.4,47,37.8,2.1,3.8
2019년 6월,22.5,61,74,1.7,5.4
2019년 7월,25.9,69,194.4,1.8,7.2
2019년 8월,27.2,69,190.5,1.6,5.6
2019년 9월,22.6,65,139.8,2.2,6.6
2019년 10월,16.4,62,55.5,2.1,4.2
2019년 11월,7.6,56,78.8,2.2,4.1
2019년 12월,1.4,58,22.6,2.1,4.4
2020년 1월,1.6,56,60.5,2.1,4.8
2020년 2월,2.5,58,53.1,2.3,4.7
2020년 3월,7.7,46,16.3,2.5,3.4
2020년 4월,11.1,50,16.9,3,3.1
2020년 5월,18,67,112.4,2.4,6.3
2020년 6월,23.9,68,139.6,2.3,5.9
2020년 7월,24.1,77,270.4,2.4,7.5
2020년 8월,26.5,85,675.7,2.3,8.1
2020년 9월,21.4,71,181.5,2.5,5.8
2020년 10월,14.3,61,0,2.1,3.7
2020년 11월,8,64,120.1,2.2,4.1
2020년 12월,-0.3,58,4.6,2.2,3.3
2021년 1월,-2.4,58,18.9,2.5,3.9
2021년 2월,2.7,56,7.1,2.6,4
2021년 3월,9,63,110.9,2.4,4.7
2021년 4월,14.2,54,124.1,2.6,4.8
2021년 5월,17.1,68,183.1,2.4,5.6
2021년 6월,22.8,73,104.6,2.2,5.6
2021년 7월,28.1,71,168.3,2,5.9
2021년 8월,25.9,74,211.2,2.1,7
2021년 9월,22.6,71,131,2.3,5.4
2021년 10월,15.6,70,57,2.1,4.7
2021년 11월,8.2,68,62.4,2.1,4.2
2021년 12월,0.6,62,7.9,2.3,3.2
2022년 1월,-2.2,55,5.5,2.2,3.1
2022년 2월,-1.1,55,4.7,2.6,3.2
2022년 3월,7.7,62,102.6,2.5,5.2
2022년 4월,14.8,55,20.4,2.7,4.1
2022년 5월,19.1,55,7.5,2.6,3.9
2022년 6월,23.3,73,393.8,2.5,6.9
2022년 7월,27.3,77,252.3,2.1,6.9
2022년 8월,25.7,80,564.8,2.3,7.3
2022년 9월,22.4,68,201.5,2.4,5.1
2022년 10월,14.6,69,124.1,2.2,4.2
2022년 11월,10,65,84.5,2.1,3.7
2022년 12월,-2.8,59,13.6,2.3,3.4
2023년 1월,-1.5,63,47.9,2.4,3.6
2023년 2월,2.3,59,1,2.3,3.5
2023년 3월,9.8,51,10.5,2.3,3.4
2023년 4월,13.8,60,96.9,2.5,5.4
2023년 5월,19.5,63,155.6,2.3,5.3
2023년 6월,23.4,73,195.6,2.2,5.7
2023년 7월,26.7,81,459.9,2.1,6.7
2023년 8월,27.2,76,298.1,2.2,6.5
2023년 9월,23.7,74,134.5,2,6.2
2023년 10월,15.8,67,31,1.9,3.7
2023년 11월,6.8,65,81.9,2.6,3.8
2023년 12월,1.1,69,85.9,2.4,4.4
